{
    "MAE": 317.5051712328767,
    "RMSE": 426.368772389591,
    "R^2": 0.5670318679976154
}